v,vw,o,c,h,l,t,n,timestamp
23209260.0,259.0721,260.19,258.74,261.48,257.821,1618804800000,293641,2021-04-19 04:00:00
19722875.0,258.2719,257.82,258.26,260.2,256.84,1618891200000,281309,2021-04-20 04:00:00
23990383.0,259.575,258.94,260.58,260.68,257.25,1618977600000,272767,2021-04-21 04:00:00
25593777.0,258.419,260.21,257.17,261.78,255.64,1619064000000,368851,2021-04-22 04:00:00
21499286.0,260.377,257.88,261.15,261.51,257.27,1619150400000,248124,2021-04-23 04:00:00
19763346.0,261.3754,261.66,261.55,262.435,260.17,1619409600000,261642,2021-04-26 04:00:00
30764213.0,260.0699,261.585,261.97,263.19,260.12,1619496000000,405196,2021-04-27 04:00:00
46903119.0,254.5516,256.078,254.56,256.5399,252.95,1619582400000,640658,2021-04-28 04:00:00
40589023.0,251.8285,255.46,252.51,256.1,249.0,1619668800000,556646,2021-04-29 04:00:00
30945098.0,251.6108,249.74,252.18,253.08,249.6,1619755200000,358913,2021-04-30 04:00:00
19426568.0,252.3653,253.4,251.86,254.35,251.12,1620014400000,300183,2021-05-03 04:00:00
32756052.0,247.5786,250.97,247.79,251.21,245.76,1620100800000,444266,2021-05-04 04:00:00
21888125.0,247.7274,249.06,246.47,249.5,245.82,1620187200000,276824,2021-05-05 04:00:00
26478085.0,247.6608,246.45,249.73,249.86,244.69,1620273600000,336494,2021-05-06 04:00:00
27032912.0,252.7538,252.15,252.46,254.3,251.17,1620360000000,303497,2021-05-07 04:00:00
29299890.0,248.6859,250.87,247.18,251.73,247.12,1620619200000,303212,2021-05-10 04:00:00
33641589.0,245.2323,244.55,246.23,246.6,242.57,1620705600000,389102,2021-05-11 04:00:00
36684370.0,240.0312,242.165,239.0,244.38,238.07,1620792000000,436656,2021-05-12 04:00:00
29585298.0,243.3712,241.8,243.03,245.6,241.42,1620878400000,367834,2021-05-13 04:00:00
23901081.0,247.9397,245.575,248.15,249.18,245.49,1620964800000,279555,2021-05-14 04:00:00
24970168.0,244.8521,246.55,245.18,246.59,243.52,1621224000000,292523,2021-05-17 04:00:00
20167975.0,244.6274,246.27,243.08,246.41,242.9,1621310400000,235575,2021-05-18 04:00:00
25739807.0,241.5888,239.31,243.12,243.23,238.6,1621396800000,340725,2021-05-19 04:00:00
21800716.0,246.5319,243.96,246.48,247.95,243.86,1621483200000,226710,2021-05-20 04:00:00
21830058.0,245.9809,247.565,245.17,248.33,244.74,1621569600000,233481,2021-05-21 04:00:00
21411547.0,250.3348,247.785,250.78,251.16,247.51,1621828800000,239776,2021-05-24 04:00:00
17700303.0,251.4842,251.769,251.72,252.75,250.82,1621915200000,212083,2021-05-25 04:00:00
17771600.0,251.3609,251.43,251.49,252.94,250.75,1622001600000,195777,2021-05-26 04:00:00
24426244.0,249.9316,251.17,249.31,251.48,249.25,1622088000000,223093,2021-05-27 04:00:00
18265642.0,250.6562,250.995,249.68,252.08,249.56,1622174400000,190179,2021-05-28 04:00:00
23213310.0,248.592,251.23,247.4,251.29,246.96,1622520000000,266678,2021-06-01 04:00:00
19406705.0,247.6484,248.125,247.3,249.27,245.84,1622606400000,231542,2021-06-02 04:00:00
25108111.0,245.0698,245.22,245.71,246.34,243.0,1622692800000,254084,2021-06-03 04:00:00
25281094.0,250.2145,247.76,250.79,251.65,247.51,1622779200000,246739,2021-06-04 04:00:00
23079167.0,252.6622,249.98,253.81,254.09,249.81,1623038400000,239409,2021-06-07 04:00:00
22454998.0,253.5686,255.16,252.57,256.01,252.51,1623124800000,239693,2021-06-08 04:00:00
17937634.0,254.2112,253.81,253.59,255.53,253.21,1623211200000,210570,2021-06-09 04:00:00
24563619.0,256.4281,254.29,257.24,257.46,253.67,1623297600000,264424,2021-06-10 04:00:00
18949731.0,257.5993,257.985,257.89,258.4868,256.61,1623384000000,220398,2021-06-11 04:00:00
19150507.0,258.7219,257.9,259.89,259.95,256.8,1623643200000,198533,2021-06-14 04:00:00
18016931.0,258.6822,259.775,258.36,259.99,257.68,1623729600000,209487,2021-06-15 04:00:00
27219955.0,257.8147,259.4,257.38,260.58,254.42,1623816000000,308926,2021-06-16 04:00:00
27565537.0,260.038,256.065,260.9,261.75,256.01,1623902400000,304743,2021-06-17 04:00:00
37162767.0,260.1638,259.63,259.43,262.3,258.75,1623988800000,316742,2021-06-18 04:00:00
26696119.0,261.9392,259.82,262.63,263.52,257.92,1624248000000,298361,2021-06-21 04:00:00
24694090.0,264.7953,262.72,265.51,265.79,262.4,1624334400000,253763,2021-06-22 04:00:00
19518681.0,265.3424,265.99,265.275,266.83,264.43,1624420800000,236577,2021-06-23 04:00:00
21346867.0,266.7737,266.16,266.69,267.85,265.47,1624507200000,235958,2021-06-24 04:00:00
23891113.0,265.3848,266.23,265.02,267.25,264.76,1624593600000,215061,2021-06-25 04:00:00
19590024.0,268.1287,266.185,268.72,268.9,265.91,1624852800000,239210,2021-06-28 04:00:00
19921311.0,270.4822,268.865,271.4,271.65,267.98,1624939200000,238419,2021-06-29 04:00:00
21547257.0,270.6723,270.69,270.9,271.3598,269.6043,1625025600000,232757,2021-06-30 04:00:00
16725323.0,270.7933,269.61,271.6,271.84,269.6,1625112000000,196894,2021-07-01 04:00:00
26474408.0,276.3861,272.82,277.65,278.0,272.5,1625198400000,283710,2021-07-02 04:00:00
31565556.0,277.4582,278.03,277.66,279.3698,274.3,1625544000000,365687,2021-07-06 04:00:00
23260031.0,279.6527,279.4,279.93,280.6945,277.15,1625630400000,299189,2021-07-07 04:00:00
24605941.0,277.1555,276.9,277.42,278.73,274.87,1625716800000,333194,2021-07-08 04:00:00
23676665.0,277.0749,275.72,277.94,278.05,275.32,1625803200000,264353,2021-07-09 04:00:00
18931695.0,277.5176,279.157,277.32,279.77,276.58,1626062400000,212250,2021-07-12 04:00:00
26120128.0,281.0168,277.52,280.98,282.8477,277.39,1626148800000,305657,2021-07-13 04:00:00
23113662.0,282.6312,282.345,282.51,283.66,280.55,1626235200000,268304,2021-07-14 04:00:00
22604227.0,281.0044,282.0,281.03,282.51,279.83,1626321600000,296274,2021-07-15 04:00:00
26186848.0,281.6857,282.07,280.75,284.1,279.46,1626408000000,283333,2021-07-16 04:00:00
32935634.0,277.0244,278.9335,277.01,280.37,274.45,1626667200000,405114,2021-07-19 04:00:00
26259741.0,279.0782,278.03,279.32,280.97,276.26,1626753600000,267195,2021-07-20 04:00:00
24364320.0,280.489,278.905,281.4,281.52,277.29,1626840000000,254890,2021-07-21 04:00:00
23384059.0,285.5054,283.84,286.14,286.42,283.42,1626926400000,257353,2021-07-22 04:00:00
22767371.0,288.9299,287.37,289.67,289.99,286.5,1627012800000,277182,2021-07-23 04:00:00
23153573.0,288.5004,289.0,289.05,289.69,286.642,1627272000000,260023,2021-07-26 04:00:00
33592179.0,285.3983,289.43,286.54,289.575,282.95,1627358400000,427018,2021-07-27 04:00:00
33506853.0,287.211,288.99,286.22,290.15,283.8303,1627444800000,392256,2021-07-28 04:00:00
18168294.0,286.8593,286.235,286.5,288.618,286.08,1627531200000,227631,2021-07-29 04:00:00
20944846.0,284.9562,285.17,284.91,286.66,283.91,1627617600000,258726,2021-07-30 04:00:00
16261757.0,285.2642,286.36,284.82,286.775,283.74,1627876800000,216148,2021-08-02 04:00:00
17879048.0,286.0974,285.42,287.12,287.23,284.0,1627963200000,227749,2021-08-03 04:00:00
16187331.0,286.3071,286.22,286.51,287.5883,284.65,1628049600000,204550,2021-08-04 04:00:00
13900167.0,288.4802,286.88,289.52,289.63,286.1,1628136000000,184739,2021-08-05 04:00:00
16589336.0,288.8028,288.505,289.46,289.5,287.6238,1628222400000,175525,2021-08-06 04:00:00
16117629.0,288.6941,289.75,288.33,291.55,287.81,1628481600000,189324,2021-08-09 04:00:00
18616578.0,286.8988,288.8,286.44,289.25,285.2,1628568000000,211784,2021-08-10 04:00:00
13955934.0,286.9447,287.21,286.95,288.66,285.86,1628654400000,189792,2021-08-11 04:00:00
14570391.0,289.0645,286.63,289.81,289.97,286.34,1628740800000,174282,2021-08-12 04:00:00
18249046.0,291.3639,289.48,292.85,292.9,289.3,1628827200000,192365,2021-08-13 04:00:00
22516027.0,293.0005,293.19,294.6,294.82,290.02,1629086400000,255726,2021-08-16 04:00:00
20075250.0,292.6055,292.39,293.08,293.43,291.08,1629172800000,262741,2021-08-17 04:00:00
21619885.0,292.5995,292.04,290.73,294.82,290.27,1629259200000,251718,2021-08-18 04:00:00
29850461.0,294.7394,288.6935,296.77,297.47,288.64,1629345600000,356371,2021-08-19 04:00:00
40815006.0,303.5992,299.72,304.36,305.84,298.06,1629432000000,424370,2021-08-20 04:00:00
22820157.0,304.2828,303.245,304.65,305.4,301.85,1629691200000,273395,2021-08-23 04:00:00
18153274.0,303.0899,305.02,302.62,305.65,302.0035,1629777600000,239282,2021-08-24 04:00:00
19906057.0,301.9554,304.3,302.01,304.59,300.42,1629864000000,227170,2021-08-25 04:00:00
17666084.0,300.2966,300.99,299.09,302.429,298.95,1629950400000,243800,2021-08-26 04:00:00
22605726.0,299.2422,298.987,299.72,300.87,296.83,1630036800000,242943,2021-08-27 04:00:00
16348072.0,303.2701,301.115,303.59,304.22,301.06,1630296000000,209224,2021-08-30 04:00:00
26274238.0,302.7647,304.42,301.88,304.5,301.5,1630382400000,234756,2021-08-31 04:00:00
18914026.0,303.0256,302.865,301.83,305.19,301.49,1630468800000,244910,2021-09-01 04:00:00
16290545.0,301.3689,302.2,301.15,303.3602,300.18,1630555200000,227810,2021-09-02 04:00:00
14751609.0,301.4777,300.99,301.14,302.6,300.26,1630641600000,181614,2021-09-03 04:00:00
17369332.0,299.9436,301.005,300.18,301.09,298.2,1630987200000,270623,2021-09-07 04:00:00
15046819.0,299.1185,299.78,300.21,300.61,297.4651,1631073600000,246198,2021-09-08 04:00:00
19927000.0,298.6934,300.82,297.25,302.14,297.0,1631160000000,274731,2021-09-09 04:00:00
19633363.0,297.3192,298.415,295.71,299.92,295.38,1631246400000,296248,2021-09-10 04:00:00
23931707.0,296.1317,297.55,296.99,298.54,294.08,1631505600000,309936,2021-09-13 04:00:00
22189292.0,299.9204,299.56,299.79,301.39,298.1,1631592000000,279350,2021-09-14 04:00:00
28728377.0,303.9982,303.26,304.82,305.32,301.82,1631678400000,351816,2021-09-15 04:00:00
19550815.0,303.5104,303.76,305.22,305.31,300.76,1631764800000,251476,2021-09-16 04:00:00
41372456.0,301.0029,304.17,299.87,304.5,299.53,1631851200000,330843,2021-09-17 04:00:00
38278661.0,293.8269,296.33,294.3,298.72,289.52,1632110400000,546438,2021-09-20 04:00:00
22364103.0,295.6193,295.69,294.8,297.54,294.07,1632196800000,297336,2021-09-21 04:00:00
26626342.0,298.1538,296.725,298.58,300.22,294.51,1632283200000,337059,2021-09-22 04:00:00
18604601.0,299.7428,298.845,299.56,300.9,297.5339,1632369600000,236240,2021-09-23 04:00:00
14998978.0,298.4973,298.23,299.35,299.8,296.93,1632456000000,218412,2021-09-24 04:00:00
23559276.0,294.4246,296.14,294.17,296.47,292.9449,1632715200000,328836,2021-09-27 04:00:00
43184837.0,285.4855,289.795,283.52,290.78,282.75,1632801600000,616437,2021-09-28 04:00:00
26353696.0,284.6546,285.1,284.0,286.77,283.01,1632888000000,358442,2021-09-29 04:00:00
32921298.0,283.9371,285.71,281.92,287.83,281.62,1632974400000,402930,2021-09-30 04:00:00
30086280.0,286.6369,282.1217,289.1,289.98,281.29,1633060800000,363793,2021-10-01 04:00:00
31333747.0,282.6776,287.4,283.11,287.75,280.25,1633320000000,455635,2021-10-04 04:00:00
24993024.0,288.1714,284.0464,288.76,290.398,284.0464,1633406400000,296311,2021-10-05 04:00:00
28002550.0,290.4564,285.78,293.11,293.63,285.5093,1633492800000,406529,2021-10-06 04:00:00
20430471.0,295.4481,295.175,294.85,296.64,293.92,1633579200000,282926,2021-10-07 04:00:00
17950627.0,295.1334,296.219,294.85,296.6409,293.76,1633665600000,253035,2021-10-08 04:00:00
19298634.0,295.5286,292.92,294.23,297.97,292.745,1633924800000,242967,2021-10-11 04:00:00
17885643.0,293.5962,295.34,292.88,295.44,292.35,1634011200000,266397,2021-10-12 04:00:00
23424025.0,295.4309,294.91,296.31,297.28,293.49,1634097600000,301391,2021-10-13 04:00:00
27254902.0,301.3498,299.21,302.75,303.27,297.83,1634184000000,305022,2021-10-14 04:00:00
24724803.0,302.7966,302.34,304.21,304.45,300.5191,1634270400000,275911,2021-10-15 04:00:00
22654296.0,305.8543,303.57,307.29,308.21,302.69,1634529600000,289612,2021-10-18 04:00:00
17682139.0,308.284,308.348,308.23,309.3,307.22,1634616000000,226293,2021-10-19 04:00:00
16537069.0,307.6084,309.21,307.41,309.7,306.11,1634702400000,237432,2021-10-20 04:00:00
16918100.0,309.387,307.1702,310.76,311.02,306.36,1634788800000,222078,2021-10-21 04:00:00
17449332.0,309.3104,310.4,309.16,311.09,307.8,1634875200000,244615,2021-10-22 04:00:00
17554469.0,308.1977,309.36,308.13,309.4,306.46,1635134400000,244415,2021-10-25 04:00:00
28107349.0,310.5962,311.0,310.11,312.395,308.5967,1635220800000,367536,2021-10-26 04:00:00
52587690.0,322.6143,316.0,323.17,326.0973,316.0,1635307200000,593988,2021-10-27 04:00:00
26297943.0,323.3879,324.325,324.35,324.87,321.3601,1635393600000,347710,2021-10-28 04:00:00
34765982.0,329.1131,324.13,331.62,332.0,323.9,1635480000000,381600,2021-10-29 04:00:00
26923181.0,328.4407,331.355,329.37,331.49,326.37,1635739200000,393780,2021-11-01 04:00:00
26487109.0,332.5283,330.31,333.13,333.45,330.0,1635825600000,310165,2021-11-02 04:00:00
21370082.0,332.9858,333.9,334.0,334.9,330.65,1635912000000,293957,2021-11-03 04:00:00
23892202.0,334.9213,332.89,336.44,336.54,329.51,1635998400000,328854,2021-11-04 04:00:00
22570097.0,336.4792,338.51,336.06,338.79,334.4217,1636084800000,316800,2021-11-05 04:00:00
20897001.0,336.2122,337.3,336.99,337.65,334.44,1636347600000,287657,2021-11-08 05:00:00
21307369.0,336.3103,337.1071,335.95,338.72,334.53,1636434000000,295386,2021-11-09 05:00:00
25500807.0,331.7579,334.57,330.8,334.6303,329.92,1636520400000,332397,2021-11-10 05:00:00
16649844.0,332.6575,331.25,332.43,333.7746,330.51,1636606800000,217134,2021-11-11 05:00:00
23831048.0,335.5457,333.92,336.72,337.23,333.79,1636693200000,239697,2021-11-12 05:00:00
16723009.0,335.6981,337.54,336.07,337.88,334.034,1636952400000,249217,2021-11-15 05:00:00
20886832.0,339.0523,335.68,339.51,340.67,335.51,1637038800000,255378,2021-11-16 05:00:00
18703380.0,339.8226,338.94,339.12,342.19,338.0,1637125200000,245204,2021-11-17 05:00:00
22452333.0,340.1626,338.18,341.27,342.45,337.12,1637211600000,252477,2021-11-18 05:00:00
21903403.0,343.3237,342.64,343.11,345.1,342.2,1637298000000,267653,2021-11-19 05:00:00
31031113.0,343.9656,344.62,339.83,349.67,339.55,1637557200000,407010,2021-11-22 05:00:00
30252563.0,336.5601,337.05,337.68,339.45,333.56,1637643600000,388979,2021-11-23 05:00:00
21655557.0,336.6413,336.28,337.91,338.16,333.911,1637730000000,266154,2021-11-24 05:00:00
24217241.0,332.2818,334.35,329.68,337.93,328.12,1637902800000,360133,2021-11-26 05:00:00
28563481.0,336.9814,334.94,336.63,339.03,334.74,1638162000000,361924,2021-11-29 05:00:00
42885609.0,331.867,335.32,330.59,337.78,328.99,1638248400000,466083,2021-11-30 05:00:00
33401146.0,334.3751,335.13,330.08,339.28,329.39,1638334800000,489735,2021-12-01 05:00:00
30704852.0,330.0851,330.3,329.49,333.49,327.8028,1638421200000,435978,2021-12-02 05:00:00
41779279.0,322.6431,331.99,323.01,332.7,318.03,1638507600000,626436,2021-12-03 05:00:00
30032556.0,324.3146,323.95,326.19,327.45,319.23,1638766800000,416525,2021-12-06 05:00:00
31021936.0,334.1083,331.64,334.92,335.8,330.1,1638853200000,418516,2021-12-07 05:00:00
24760988.0,333.395,335.31,334.97,335.5,330.8,1638939600000,354291,2021-12-08 05:00:00
22214157.0,333.901,334.41,333.1,336.489,332.12,1639026000000,323814,2021-12-09 05:00:00
38095694.0,340.3678,334.98,342.54,343.0,334.79,1639112400000,415946,2021-12-10 05:00:00
28899431.0,340.802,340.68,339.4,343.79,339.08,1639371600000,333627,2021-12-13 05:00:00
44438696.0,328.0207,333.22,328.34,334.64,324.11,1639458000000,586397,2021-12-14 05:00:00
35381122.0,330.3825,328.61,334.65,335.19,324.5,1639544400000,459466,2021-12-15 05:00:00
35034831.0,327.6775,335.71,324.9,336.76,323.02,1639630800000,502538,2021-12-16 05:00:00
47883712.0,322.3973,320.88,323.8,324.92,317.25,1639717200000,462554,2021-12-17 05:00:00
28326532.0,319.6158,320.05,319.91,322.8,317.57,1639976400000,437500,2021-12-20 05:00:00
24740597.0,324.8129,323.29,327.29,327.73,319.8,1640062800000,366633,2021-12-21 05:00:00
24831493.0,330.8736,328.3,333.2,333.605,325.75,1640149200000,315700,2021-12-22 05:00:00
19617848.0,334.9327,332.75,334.69,336.39,332.73,1640235600000,244523,2021-12-23 05:00:00
19947029.0,340.5691,335.46,342.45,342.48,335.43,1640581200000,313725,2021-12-27 05:00:00
15661467.0,341.7182,343.15,341.25,343.81,340.32,1640667600000,229689,2021-12-28 05:00:00
15041956.0,341.9364,341.3,341.95,344.3,339.68,1640754000000,223483,2021-12-29 05:00:00
15994471.0,340.8846,341.91,339.32,343.13,338.82,1640840400000,213550,2021-12-30 05:00:00
17995517.0,336.9168,338.51,336.32,339.355,335.85,1640926800000,215861,2021-12-31 05:00:00
28918012.0,333.3801,335.35,334.75,338.0,329.78,1641186000000,395292,2022-01-03 05:00:00
32670706.0,329.4477,334.83,329.01,335.2,326.12,1641272400000,517992,2022-01-04 05:00:00
40054325.0,320.0278,325.86,316.38,326.07,315.98,1641358800000,640413,2022-01-05 05:00:00
39632144.0,315.2052,313.15,313.88,318.7,311.49,1641445200000,628047,2022-01-06 05:00:00
32710400.0,313.7812,314.15,314.04,316.5,310.09,1641531600000,499823,2022-01-07 05:00:00
44273717.0,309.9294,309.485,314.27,314.72,304.69,1641790800000,692526,2022-01-10 05:00:00
29386774.0,314.2093,313.38,314.98,316.61,309.89,1641877200000,421384,2022-01-11 05:00:00
34372217.0,319.4289,319.67,318.27,323.41,317.08,1641963600000,498637,2022-01-12 05:00:00
45365979.0,309.6876,320.4658,304.8,320.88,304.0,1642050000000,712340,2022-01-13 05:00:00
39844762.0,307.9922,304.25,310.2,310.82,303.75,1642136400000,527079,2022-01-14 05:00:00
42204112.0,304.6894,304.07,302.65,309.8,301.74,1642482000000,658678,2022-01-18 05:00:00
45933855.0,308.2993,306.29,303.33,313.9093,302.7,1642568400000,680162,2022-01-19 05:00:00
35380675.0,307.057,309.07,301.6,311.6494,301.14,1642654800000,552351,2022-01-20 05:00:00
57984403.0,299.621,302.685,296.03,304.11,295.61,1642741200000,887179,2022-01-21 05:00:00
86025393.0,288.8074,292.2,296.37,297.11,276.05,1643000400000,1302281,2022-01-24 05:00:00
72848368.0,288.3988,291.52,288.49,294.99,285.17,1643086800000,1113735,2022-01-25 05:00:00
90428853.0,300.3828,307.985,296.71,308.5,293.03,1643173200000,1195374,2022-01-26 05:00:00
53481317.0,302.4325,302.66,299.84,307.3,297.93,1643259600000,741935,2022-01-27 05:00:00
49743698.0,302.7982,300.23,308.26,308.48,294.45,1643346000000,696183,2022-01-28 05:00:00
46444536.0,309.4288,308.95,310.98,312.38,306.37,1643605200000,645244,2022-01-31 05:00:00
40950396.0,307.3995,310.41,308.76,310.63,305.1293,1643691600000,598895,2022-02-01 05:00:00
36635989.0,312.2137,309.63,313.46,315.12,308.88,1643778000000,513102,2022-02-02 05:00:00
43729972.0,305.2465,309.49,301.25,311.23,299.96,1643864400000,585711,2022-02-03 05:00:00
35093302.0,305.3962,300.21,305.94,308.8,299.97,1643950800000,509726,2022-02-04 05:00:00
28533286.0,303.3434,306.17,300.95,307.84,299.9,1644210000000,426621,2022-02-07 05:00:00
32314988.0,303.6698,301.25,304.56,305.561,299.95,1644296400000,423786,2022-02-08 05:00:00
31280171.0,309.6261,309.865,311.21,311.93,307.39,1644382800000,444035,2022-02-09 05:00:00
45386199.0,304.061,304.04,302.38,309.12,300.7,1644469200000,608483,2022-02-10 05:00:00
39160620.0,298.1235,303.19,295.04,304.29,294.22,1644555600000,615557,2022-02-11 05:00:00
36359487.0,294.405,293.77,295.0,296.76,291.35,1644814800000,539722,2022-02-14 05:00:00
27370688.0,299.5681,300.008,300.47,300.8,297.02,1644901200000,400816,2022-02-15 05:00:00
29970121.0,297.4874,298.365,299.5,300.87,293.68,1644987600000,415675,2022-02-16 05:00:00
32461580.0,292.994,296.36,290.73,296.8,290.0,1645074000000,507106,2022-02-17 05:00:00
34256508.0,289.1356,293.05,287.93,293.86,286.305,1645160400000,554368,2022-02-18 05:00:00
41736117.0,287.6534,285.0,287.72,291.54,284.5,1645506000000,605791,2022-02-22 05:00:00
37797167.0,284.2303,290.18,280.27,291.7,280.1,1645592400000,647355,2022-02-23 05:00:00
56989686.0,285.4542,272.51,294.59,295.16,271.52,1645678800000,809370,2022-02-24 05:00:00
32546721.0,295.6957,295.14,297.31,297.63,291.655,1645765200000,521051,2022-02-25 05:00:00
34627457.0,296.5331,294.31,298.79,299.14,293.0,1646024400000,452982,2022-02-28 05:00:00
31217778.0,295.8563,296.4,294.95,299.97,292.15,1646110800000,468639,2022-03-01 05:00:00
31873007.0,298.8646,295.36,300.19,301.47,293.698,1646197200000,531573,2022-03-02 05:00:00
27314469.0,297.4481,302.89,295.92,303.13,294.05,1646283600000,408448,2022-03-03 05:00:00
32369655.0,289.9672,294.29,289.86,295.66,287.165,1646370000000,539374,2022-03-04 05:00:00
43157178.0,281.6699,288.53,278.91,289.69,278.53,1646629200000,672964,2022-03-07 05:00:00
48157675.0,276.5819,277.8,275.85,283.96,270.0,1646715600000,700050,2022-03-08 05:00:00
35204480.0,286.2058,283.44,288.5,289.6,280.78,1646802000000,506108,2022-03-09 05:00:00
30628012.0,283.9699,283.02,285.59,286.6,280.58,1646888400000,461547,2022-03-10 05:00:00
27209330.0,283.7288,287.96,280.07,289.51,279.43,1646974800000,421226,2022-03-11 05:00:00
30660747.0,279.6999,280.34,276.44,285.3992,275.82,1647230400000,435907,2022-03-14 04:00:00
34245085.0,284.064,280.35,287.15,287.82,278.725,1647316800000,507324,2022-03-15 04:00:00
37729529.0,290.7357,289.11,294.39,294.57,283.2,1647403200000,532827,2022-03-16 04:00:00
30802133.0,293.1691,293.29,295.22,295.61,289.37,1647489600000,434753,2022-03-17 04:00:00
43222225.0,297.9485,295.37,300.43,301.0,292.73,1647576000000,416437,2022-03-18 04:00:00
28351245.0,297.8602,298.89,299.16,300.14,294.9,1647835200000,437234,2022-03-21 04:00:00
27599689.0,303.1289,299.8,304.06,305.0,298.77,1647921600000,404197,2022-03-22 04:00:00
25715377.0,300.5899,300.51,299.49,303.23,297.7201,1648008000000,359919,2022-03-23 04:00:00
24484456.0,301.84,299.14,304.1,304.2,298.315,1648094400000,318259,2022-03-24 04:00:00
22566453.0,302.5129,305.23,303.68,305.5,299.2855,1648180800000,340082,2022-03-25 04:00:00
29553438.0,308.8785,304.33,310.7,310.8,304.33,1648440000000,368660,2022-03-28 04:00:00
30393403.0,313.2741,313.91,315.41,315.82,309.05,1648526400000,423166,2022-03-29 04:00:00
28163555.0,313.7134,313.76,313.86,315.95,311.58,1648612800000,340160,2022-03-30 04:00:00
33422070.0,310.4193,313.9,308.31,315.14,307.89,1648699200000,355031,2022-03-31 04:00:00
27101029.0,308.0485,309.37,309.42,310.13,305.54,1648785600000,315032,2022-04-01 04:00:00
24335868.0,313.7554,310.09,314.97,315.11,309.71,1649044800000,300000,2022-04-04 04:00:00
23156719.0,311.7992,313.27,310.88,314.865,309.87,1649131200000,312602,2022-04-05 04:00:00
40110372.0,300.4693,305.19,299.5,307.0,296.71,1649217600000,548742,2022-04-06 04:00:00
31411155.0,300.9241,296.66,301.37,303.65,296.35,1649304000000,360492,2022-04-07 04:00:00
24361917.0,298.2833,300.44,296.97,301.12,296.28,1649390400000,309094,2022-04-08 04:00:00
34519264.0,286.8651,291.79,285.26,292.61,285.0,1649649600000,502222,2022-04-11 04:00:00
30966721.0,284.9687,289.235,282.06,290.739,280.49,1649736000000,435819,2022-04-12 04:00:00
21904429.0,285.8202,282.73,287.62,288.58,281.3,1649822400000,290613,2022-04-13 04:00:00
28221607.0,282.3705,288.09,279.83,288.305,279.32,1649908800000,381427,2022-04-14 04:00:00
20748800.0,280.1829,278.91,280.52,282.46,278.34,1650254400000,299125,2022-04-18 04:00:00
22297720.0,283.7503,279.38,285.3,286.17,278.41,1650340800000,312037,2022-04-19 04:00:00
22901807.0,286.9915,289.4,286.36,289.7,285.3702,1650427200000,313844,2022-04-20 04:00:00
29454587.0,285.5863,288.58,280.81,293.3,280.06,1650513600000,411095,2022-04-21 04:00:00
29405798.0,277.0631,281.68,274.03,283.2,273.38,1650600000000,455519,2022-04-22 04:00:00
35678852.0,276.9162,273.29,280.72,281.11,270.77,1650859200000,507837,2022-04-25 04:00:00
46512195.0,273.1034,277.5,270.22,278.3599,270.0,1650945600000,703111,2022-04-26 04:00:00
63468094.0,285.1692,282.1,283.22,290.97,279.16,1651032000000,823597,2022-04-27 04:00:00
33646570.0,286.9376,285.185,289.63,290.98,281.4562,1651118400000,448000,2022-04-28 04:00:00
37073923.0,281.5777,288.61,277.52,289.88,276.5,1651204800000,475254,2022-04-29 04:00:00
35127105.0,280.8292,277.71,284.47,284.94,276.22,1651464000000,501418,2022-05-02 04:00:00
25978605.0,281.9915,283.96,281.78,284.13,280.15,1651550400000,352891,2022-05-03 04:00:00
33598320.0,284.0704,282.59,289.98,290.88,276.73,1651636800000,460201,2022-05-04 04:00:00
43260386.0,277.791,285.54,277.35,286.35,274.34,1651723200000,593657,2022-05-05 04:00:00
37776182.0,274.9419,274.805,274.73,279.25,271.27,1651809600000,536610,2022-05-06 04:00:00
47725952.0,266.3383,270.06,264.58,272.36,263.32,1652068800000,649440,2022-05-09 04:00:00
39336424.0,269.8717,271.69,269.5,273.75,265.07,1652155200000,526747,2022-05-10 04:00:00
48975898.0,263.2184,265.68,260.55,271.36,259.3,1652241600000,633608,2022-05-11 04:00:00
51033802.0,254.7634,257.69,255.35,259.88,250.02,1652328000000,715930,2022-05-12 04:00:00
34918893.0,260.1715,257.35,261.12,263.04,255.35,1652414400000,452458,2022-05-13 04:00:00
32539933.0,260.8411,259.955,261.5,265.82,255.78,1652673600000,402395,2022-05-16 04:00:00
28828799.0,265.5584,266.11,266.82,268.33,262.46,1652760000000,346098,2022-05-17 04:00:00
31355985.0,256.42,263.0,254.08,263.6,252.77,1652846400000,414290,2022-05-18 04:00:00
32692286.0,254.4025,253.9,253.14,257.67,251.88,1652932800000,408722,2022-05-19 04:00:00
39164899.0,251.557,257.24,252.56,258.54,246.44,1653019200000,518558,2022-05-20 04:00:00
33175379.0,258.9217,255.49,260.65,261.5,253.43,1653278400000,386147,2022-05-23 04:00:00
29043904.0,257.8803,257.89,259.62,261.33,253.5,1653364800000,357104,2022-05-24 04:00:00
28547947.0,260.9506,258.14,262.52,264.58,257.125,1653451200000,340324,2022-05-25 04:00:00
25002105.0,265.2818,262.27,265.9,267.11,261.4294,1653537600000,297969,2022-05-26 04:00:00
26910824.0,271.6528,268.48,273.24,273.34,267.56,1653624000000,307860,2022-05-27 04:00:00
37827695.0,272.0011,272.53,271.87,274.77,268.93,1653969600000,363100,2022-05-31 04:00:00
25285874.0,273.3295,275.195,272.42,277.69,270.04,1654056000000,321548,2022-06-01 04:00:00
44008205.0,269.0219,264.45,274.58,274.65,261.6,1654142400000,532530,2022-06-02 04:00:00
28058958.0,270.3279,270.31,270.02,273.45,268.41,1654228800000,303810,2022-06-03 04:00:00
22397042.0,270.0763,272.06,268.75,274.18,267.22,1654488000000,260013,2022-06-06 04:00:00
22860677.0,270.6967,266.635,272.5,273.13,265.94,1654574400000,247047,2022-06-07 04:00:00
17372341.0,271.1519,271.71,270.41,273.0,269.61,1654660800000,234208,2022-06-08 04:00:00
26439728.0,268.0203,267.78,264.79,272.7081,264.63,1654747200000,301845,2022-06-09 04:00:00
31445841.0,254.9867,260.58,252.99,260.58,252.53,1654833600000,459375,2022-06-10 04:00:00
45913188.0,244.2909,245.11,242.26,249.0242,241.53,1655092800000,587062,2022-06-13 04:00:00
28651487.0,243.7922,243.86,244.49,245.74,241.51,1655179200000,370359,2022-06-14 04:00:00
33111729.0,250.6363,248.31,251.76,255.3,246.42,1655265600000,410433,2022-06-15 04:00:00
33169160.0,244.875,245.98,244.97,247.4174,243.02,1655352000000,437473,2022-06-16 04:00:00
43081680.0,247.3623,244.7,247.65,250.5,244.03,1655438400000,426273,2022-06-17 04:00:00
29928297.0,253.4288,250.255,253.74,254.75,249.51,1655784000000,325280,2022-06-21 04:00:00
25961215.0,254.1738,251.89,253.13,257.17,250.37,1655870400000,305208,2022-06-22 04:00:00
25861449.0,257.2249,255.57,258.86,259.37,253.63,1655956800000,317666,2022-06-23 04:00:00
33908991.0,265.9715,261.808,267.7,267.98,261.72,1656043200000,341714,2022-06-24 04:00:00
24615114.0,265.2573,268.205,264.89,268.3,263.28,1656302400000,288957,2022-06-27 04:00:00
27377747.0,259.1302,263.98,256.48,266.91,256.32,1656388800000,337120,2022-06-28 04:00:00
20069839.0,260.0577,257.59,260.26,261.97,255.76,1656475200000,267537,2022-06-29 04:00:00
31713368.0,256.7307,257.05,256.83,259.53,252.9,1656561600000,350608,2022-06-30 04:00:00
22837692.0,257.7792,256.39,259.58,259.77,254.61,1656648000000,298425,2022-07-01 04:00:00
22971634.0,259.6188,256.16,262.85,262.98,254.74,1656993600000,336748,2022-07-05 04:00:00
23809419.0,265.3515,263.75,266.21,267.99,262.4,1657080000000,297474,2022-07-06 04:00:00
20859874.0,267.941,265.12,268.4,269.055,265.02,1657166400000,279545,2022-07-07 04:00:00
19658751.0,266.3527,264.79,267.66,268.1,263.285,1657252800000,263735,2022-07-08 04:00:00
19497608.0,264.4908,265.65,264.51,266.53,262.18,1657512000000,233465,2022-07-11 04:00:00
35846600.0,256.3041,265.88,253.67,265.94,252.04,1657598400000,432650,2022-07-12 04:00:00
29497423.0,251.3602,250.19,252.72,253.55,248.11,1657684800000,388753,2022-07-13 04:00:00
25102823.0,251.4169,250.57,254.08,255.1374,245.94,1657771200000,338720,2022-07-14 04:00:00
29774050.0,257.0741,255.72,256.72,260.3699,254.7727,1657857600000,320549,2022-07-15 04:00:00
20975034.0,256.9949,259.75,254.25,260.84,253.3,1658116800000,259992,2022-07-18 04:00:00
25012562.0,257.9481,257.575,259.53,259.72,253.68,1658203200000,285207,2022-07-19 04:00:00
22788282.0,261.9933,259.9,262.27,264.87,258.91,1658289600000,292189,2022-07-20 04:00:00
22404675.0,262.0806,259.79,264.84,264.89,257.03,1658376000000,266470,2022-07-21 04:00:00
21880990.0,261.3876,265.24,260.36,265.33,259.07,1658462400000,275092,2022-07-22 04:00:00
21055998.0,258.5975,260.995,258.83,261.5,256.81,1658721600000,245812,2022-07-25 04:00:00
39322017.0,252.4793,259.86,251.9,259.88,249.57,1658808000000,523732,2022-07-26 04:00:00
45987389.0,265.6154,261.16,268.74,270.05,258.85,1658894400000,539330,2022-07-27 04:00:00
33459327.0,274.291,269.75,276.41,277.84,267.87,1658980800000,413167,2022-07-28 04:00:00
32138752.0,279.8359,277.7,280.74,282.0,276.63,1659067200000,359385,2022-07-29 04:00:00
21539580.0,278.4445,277.82,278.01,281.28,275.84,1659326400000,296190,2022-08-01 04:00:00
22754184.0,274.9038,276.0,274.82,277.89,272.38,1659412800000,302750,2022-08-02 04:00:00
23518874.0,281.282,276.76,282.47,283.5,276.61,1659499200000,305573,2022-08-03 04:00:00
18098668.0,282.5465,281.8,283.65,283.8,280.1677,1659585600000,242902,2022-08-04 04:00:00
16774606.0,281.721,279.15,282.91,283.65,278.68,1659672000000,240178,2022-08-05 04:00:00
18757818.0,282.0016,284.05,280.32,285.92,279.32,1659931200000,258506,2022-08-08 04:00:00
23405238.0,281.3194,279.64,282.3,283.08,277.61,1660017600000,264734,2022-08-09 04:00:00
24652845.0,288.6242,288.17,289.16,289.81,286.94,1660104000000,301911,2022-08-10 04:00:00
20065938.0,288.1876,290.85,287.02,291.21,286.51,1660190400000,250692,2022-08-11 04:00:00
22619675.0,289.9108,288.48,291.91,291.91,286.94,1660276800000,236645,2022-08-12 04:00:00
18053154.0,292.4294,291.0,293.47,294.18,290.11,1660536000000,220400,2022-08-15 04:00:00
18102882.0,292.4112,291.99,292.71,294.04,290.42,1660622400000,238194,2022-08-16 04:00:00
18203358.0,291.3739,289.74,291.32,293.35,289.47,1660708800000,243421,2022-08-17 04:00:00
17032192.0,290.5375,290.189,290.17,291.91,289.08,1660795200000,220664,2022-08-18 04:00:00
20570033.0,286.8317,288.9,286.15,289.25,285.56,1660881600000,242758,2022-08-19 04:00:00
25061070.0,278.8803,282.08,277.75,282.46,277.22,1661140800000,291816,2022-08-22 04:00:00
17527409.0,276.841,276.44,276.44,278.86,275.4,1661227200000,216859,2022-08-23 04:00:00
18137019.0,276.0336,275.41,275.79,277.23,275.11,1661313600000,225085,2022-08-24 04:00:00
16583407.0,276.986,277.33,278.85,279.02,274.52,1661400000000,207794,2022-08-25 04:00:00
27549307.0,271.1515,279.08,268.09,280.34,267.98,1661486400000,333187,2022-08-26 04:00:00
20320044.0,265.6183,265.85,265.23,267.4,263.85,1661745600000,268266,2022-08-29 04:00:00
22767071.0,262.964,266.67,262.97,267.05,260.66,1661832000000,273161,2022-08-30 04:00:00
24791834.0,262.8825,265.39,261.47,267.11,261.33,1661918400000,273069,2022-08-31 04:00:00
23263431.0,258.2566,258.87,260.4,260.89,255.41,1662004800000,332384,2022-09-01 04:00:00
22855380.0,258.8321,261.695,256.06,264.74,254.47,1662091200000,308514,2022-09-02 04:00:00
21328242.0,254.1903,256.2,253.25,257.83,251.94,1662436800000,295717,2022-09-06 04:00:00
24126700.0,256.7283,254.7,258.09,258.83,253.22,1662523200000,259248,2022-09-07 04:00:00
20319911.0,257.6878,257.51,258.52,260.43,254.79,1662609600000,256506,2022-09-08 04:00:00
22093190.0,263.845,260.5,264.46,265.23,260.29,1662696000000,279508,2022-09-09 04:00:00
18747690.0,266.392,265.78,266.65,267.45,265.16,1662955200000,230393,2022-09-12 04:00:00
33353318.0,254.603,258.84,251.99,260.4,251.59,1663041600000,431420,2022-09-13 04:00:00
23912954.0,252.032,253.53,252.22,254.23,249.86,1663128000000,303097,2022-09-14 04:00:00
31530948.0,246.6039,249.77,245.38,251.4,244.02,1663214400000,437477,2022-09-15 04:00:00
39758168.0,243.9454,244.26,244.74,245.3,242.0627,1663300800000,363897,2022-09-16 04:00:00
26826931.0,243.2548,242.465,244.52,245.14,240.85,1663560000000,327277,2022-09-19 04:00:00
26660299.0,241.8909,242.065,242.45,243.51,239.64,1663646400000,322476,2022-09-20 04:00:00
28625557.0,242.6906,244.27,238.95,247.66,238.9,1663732800000,356095,2022-09-21 04:00:00
31058162.0,240.7113,237.8704,240.98,243.86,237.57,1663819200000,368591,2022-09-22 04:00:00
34126048.0,238.2822,239.54,237.92,241.13,235.2,1663905600000,402915,2022-09-23 04:00:00
27435190.0,238.5748,237.045,237.45,241.45,236.9,1664164800000,298277,2022-09-26 04:00:00
27018732.0,237.0677,239.98,236.41,241.8,234.5,1664251200000,313534,2022-09-27 04:00:00
28969679.0,239.2601,236.81,241.07,242.33,234.73,1664337600000,321343,2022-09-28 04:00:00
27467433.0,236.4609,238.89,237.5,239.95,234.41,1664424000000,324999,2022-09-29 04:00:00
35692780.0,235.717,238.29,232.9,240.54,232.73,1664510400000,349460,2022-09-30 04:00:00
28855357.0,238.9979,235.41,240.74,241.61,234.66,1664769600000,310569,2022-10-03 04:00:00
34888416.0,248.3777,245.09,248.88,250.36,244.975,1664856000000,363475,2022-10-04 04:00:00
20316136.0,247.5403,245.99,249.2,250.58,244.1,1664942400000,240366,2022-10-05 04:00:00
20239886.0,247.8246,247.93,246.79,250.34,246.08,1665028800000,248352,2022-10-06 04:00:00
37737102.0,235.5773,240.902,234.24,241.32,233.17,1665115200000,434172,2022-10-07 04:00:00
29743608.0,229.7802,233.05,229.25,234.559,226.73,1665374400000,379327,2022-10-10 04:00:00
30473954.0,226.3341,227.62,225.41,229.06,224.11,1665460800000,349682,2022-10-11 04:00:00
21903937.0,225.9151,225.4,225.75,227.86,223.96,1665547200000,260518,2022-10-12 04:00:00
42551818.0,230.3739,219.85,234.24,236.1,219.13,1665633600000,489794,2022-10-13 04:00:00
30198588.0,230.805,235.54,228.56,237.24,228.34,1665720000000,342373,2022-10-14 04:00:00
28142268.0,237.102,235.82,237.53,238.96,235.135,1665979200000,305966,2022-10-17 04:00:00
26329591.0,239.04,243.24,238.5,243.93,235.37,1666065600000,325506,2022-10-18 04:00:00
19985698.0,236.6482,237.04,236.48,239.61,234.29,1666152000000,232870,2022-10-19 04:00:00
21811015.0,237.1951,235.77,236.15,241.31,234.87,1666238400000,255775,2022-10-20 04:00:00
26299733.0,239.3394,234.74,242.12,243.0,234.5,1666324800000,290614,2022-10-21 04:00:00
24781432.0,245.3763,243.76,247.25,247.84,241.295,1666584000000,321981,2022-10-24 04:00:00
34775505.0,247.9143,247.26,250.66,251.04,245.83,1666670400000,431898,2022-10-25 04:00:00
82684846.0,233.5731,231.17,231.32,238.3,230.06,1666756800000,979052,2022-10-26 04:00:00
40424645.0,227.6391,231.04,226.75,233.69,225.78,1666843200000,502651,2022-10-27 04:00:00
40647724.0,233.1644,226.24,235.87,236.6,226.05,1666929600000,453458,2022-10-28 04:00:00
28357265.0,232.713,233.76,232.13,234.92,231.15,1667188800000,310749,2022-10-31 04:00:00
30582271.0,229.2736,234.6,228.17,235.74,227.325,1667275200000,355473,2022-11-01 04:00:00
38400237.0,224.7701,229.46,220.1,231.3,220.04,1667361600000,463714,2022-11-02 04:00:00
36633922.0,216.6521,220.09,214.25,220.41,213.98,1667448000000,461770,2022-11-03 04:00:00
36789063.0,218.3495,217.55,221.39,221.59,213.431,1667534400000,410751,2022-11-04 04:00:00
33497979.0,225.8583,221.99,227.87,228.41,221.28,1667797200000,346832,2022-11-07 05:00:00
28192548.0,229.2191,228.7,228.87,231.65,225.84,1667883600000,328460,2022-11-08 05:00:00
27851835.0,225.9814,227.37,224.51,228.6327,224.33,1667970000000,275026,2022-11-09 05:00:00
46268021.0,239.8423,235.43,242.98,243.33,235.0,1668056400000,490190,2022-11-10 05:00:00
34620246.0,245.5838,242.99,247.11,247.99,241.93,1668142800000,368001,2022-11-11 05:00:00
31123340.0,242.0967,241.985,241.55,243.91,239.21,1668402000000,351680,2022-11-14 05:00:00
31380517.0,243.3448,245.66,241.97,247.0,240.03,1668488400000,377449,2022-11-15 05:00:00
24093272.0,242.0599,242.79,241.73,243.8,240.42,1668574800000,270175,2022-11-16 05:00:00
23123544.0,241.2058,237.78,241.68,243.25,237.63,1668661200000,267476,2022-11-17 05:00:00
27613523.0,240.7679,243.51,241.22,243.74,239.03,1668747600000,265827,2022-11-18 05:00:00
26393200.0,242.283,241.43,242.05,244.67,241.19,1669006800000,270839,2022-11-21 05:00:00
19665699.0,243.6504,243.59,245.03,245.31,240.71,1669093200000,216514,2022-11-22 05:00:00
19508462.0,246.8767,245.105,247.58,248.28,244.27,1669179600000,229081,2022-11-23 05:00:00
9200772.0,247.6767,247.31,247.49,248.7,246.73,1669352400000,126714,2022-11-25 05:00:00
24810271.0,242.5337,246.08,241.76,246.65,240.8,1669611600000,273059,2022-11-28 05:00:00
17956313.0,240.2757,241.4,240.33,242.79,238.21,1669698000000,222057,2022-11-29 05:00:00
47594239.0,250.4124,240.57,255.14,255.33,239.86,1669784400000,448911,2022-11-30 05:00:00
26028524.0,254.3605,253.87,254.69,256.12,250.9156,1669870800000,352798,2022-12-01 05:00:00
21528520.0,253.1141,249.82,255.02,256.06,249.69,1669957200000,278398,2022-12-02 05:00:00
23435294.0,250.6795,252.01,250.2,253.819,248.06,1670216400000,276722,2022-12-05 05:00:00
22463727.0,246.1697,250.82,245.12,251.86,243.78,1670302800000,274238,2022-12-06 05:00:00
20479222.0,244.4617,244.83,244.37,246.16,242.205,1670389200000,226749,2022-12-07 05:00:00
22611757.0,246.7518,244.84,247.4,248.74,243.06,1670475600000,248284,2022-12-08 05:00:00
20609743.0,246.2204,244.695,245.42,248.31,244.16,1670562000000,238476,2022-12-09 05:00:00
30665069.0,250.9043,247.445,252.51,252.54,247.17,1670821200000,325566,2022-12-12 05:00:00
42192634.0,258.0996,261.69,256.92,263.915,253.07,1670907600000,486403,2022-12-13 05:00:00
35376633.0,258.7836,257.13,257.22,262.588,254.31,1670994000000,458426,2022-12-14 05:00:00
35568093.0,249.5733,253.72,249.01,254.2,247.34,1671080400000,380775,2022-12-15 05:00:00
86101994.0,245.2971,248.55,244.69,249.84,243.51,1671166800000,388901,2022-12-16 05:00:00
29696436.0,240.6751,244.86,240.45,245.21,238.71,1671426000000,333301,2022-12-19 05:00:00
25115802.0,241.363,239.4,241.8,242.91,238.42,1671512400000,255790,2022-12-20 05:00:00
23690607.0,244.0321,241.69,244.43,245.615,240.11,1671598800000,249789,2022-12-21 05:00:00
28651664.0,237.1404,241.255,238.19,241.99,233.87,1671685200000,349537,2022-12-22 05:00:00
21206982.0,237.2671,236.11,238.73,238.87,233.9428,1671771600000,258172,2022-12-23 05:00:00
16688648.0,237.264,238.7,236.96,238.93,235.83,1672117200000,226696,2022-12-27 05:00:00
17457104.0,236.25,236.89,234.53,239.72,234.17,1672203600000,215793,2022-12-28 05:00:00
19770693.0,240.1837,235.65,241.01,241.92,235.65,1672290000000,224833,2022-12-29 05:00:00
21938472.0,238.6986,238.21,239.82,239.96,236.66,1672376400000,244268,2022-12-30 05:00:00
25740036.0,239.8394,243.08,239.58,245.75,237.4,1672722000000,314904,2023-01-03 05:00:00
50623394.0,228.5518,232.275,229.1,232.87,225.96,1672808400000,679231,2023-01-04 05:00:00
39577823.0,223.604,227.2,222.31,227.55,221.7602,1672894800000,471302,2023-01-05 05:00:00
43613574.0,223.3788,223.0,224.93,225.7601,219.35,1672981200000,495762,2023-01-06 05:00:00
27369784.0,228.5989,226.45,227.12,231.2366,226.41,1673240400000,363680,2023-01-09 05:00:00
27033881.0,228.7878,227.755,228.85,231.31,227.33,1673326800000,334659,2023-01-10 05:00:00
28633081.0,233.9843,231.29,235.77,235.95,231.11,1673413200000,340052,2023-01-11 05:00:00
27269486.0,237.813,235.26,238.51,239.9,233.56,1673499600000,400489,2023-01-12 05:00:00
21333265.0,237.4748,237.002,239.23,239.37,234.92,1673586000000,300118,2023-01-13 05:00:00
29831257.0,239.6706,237.97,240.35,240.91,237.09,1673931600000,370168,2023-01-17 05:00:00
30028692.0,237.875,241.565,235.81,242.38,235.52,1674018000000,377927,2023-01-18 05:00:00
28592433.0,232.5374,233.78,231.93,235.52,230.68,1674104400000,362262,2023-01-19 05:00:00
35249809.0,238.2032,234.855,240.22,240.74,234.51,1674190800000,364051,2023-01-20 05:00:00
31933951.0,242.7509,241.1,242.58,245.165,239.65,1674450000000,413335,2023-01-23 05:00:00
40218444.0,243.7867,242.5,242.04,243.95,240.44,1674536400000,512442,2023-01-24 05:00:00
66526641.0,237.4755,234.48,240.61,243.3,230.9,1674622800000,745426,2023-01-25 05:00:00
33454491.0,245.411,243.65,248.0,248.31,242.0,1674709200000,401891,2023-01-26 05:00:00
26498939.0,248.3935,248.99,248.16,249.83,246.83,1674795600000,336282,2023-01-27 05:00:00
25867365.0,243.2164,244.51,242.71,245.6,242.2,1675054800000,308895,2023-01-30 05:00:00
26541072.0,246.5374,243.45,247.81,247.95,242.945,1675141200000,256082,2023-01-31 05:00:00
31259912.0,250.3172,248.0,252.75,255.18,245.47,1675227600000,386960,2023-02-01 05:00:00
39931837.0,261.6241,258.82,264.6,264.69,257.25,1675314000000,533818,2023-02-02 05:00:00
29059256.0,259.9308,259.542,258.35,264.2,257.1,1675400400000,408058,2023-02-03 05:00:00
22517997.0,256.76,257.44,256.77,258.3,254.78,1675659600000,276674,2023-02-06 05:00:00
50841365.0,264.6898,260.53,267.56,268.775,260.08,1675746000000,618791,2023-02-07 05:00:00
54674349.0,270.3434,273.2,266.73,276.76,266.21,1675832400000,659530,2023-02-08 05:00:00
42375102.0,267.304,273.8,263.62,273.98,262.8,1675918800000,472027,2023-02-09 05:00:00
25808489.0,262.4025,261.53,263.1,264.09,260.662,1676005200000,334145,2023-02-10 05:00:00
44614921.0,271.4438,267.64,271.32,274.6,267.15,1676264400000,499425,2023-02-13 05:00:00
37047924.0,272.0367,272.67,272.17,274.97,269.28,1676350800000,471699,2023-02-14 05:00:00
28962163.0,268.4251,268.32,269.32,270.73,266.18,1676437200000,370701,2023-02-15 05:00:00
29529391.0,264.1021,264.02,262.15,266.74,261.9,1676523600000,389910,2023-02-16 05:00:00
29998205.0,257.6854,259.39,258.06,260.09,256.0,1676610000000,392723,2023-02-17 05:00:00
28372844.0,253.0254,254.48,252.67,255.49,251.59,1676955600000,341324,2023-02-21 05:00:00
22491056.0,252.2065,254.09,251.51,254.34,250.34,1677042000000,276380,2023-02-22 05:00:00
29219095.0,253.9406,255.56,254.77,256.84,250.48,1677128400000,366248,2023-02-23 05:00:00
24860205.0,249.4099,249.96,249.22,251.0,248.1,1677214800000,339809,2023-02-24 05:00:00
21184867.0,250.4964,252.46,250.16,252.82,249.39,1677474000000,267766,2023-02-27 05:00:00
22490950.0,249.7791,249.07,249.42,251.49,248.73,1677560400000,250572,2023-02-28 05:00:00
27530059.0,247.4368,250.76,246.27,250.93,245.79,1677646800000,331723,2023-03-01 05:00:00
24795896.0,248.8533,246.55,251.11,251.4,245.61,1677733200000,317083,2023-03-02 05:00:00
30760136.0,254.6492,252.19,255.29,255.62,251.39,1677819600000,326868,2023-03-03 05:00:00
24099799.0,257.791,256.425,256.87,260.12,255.98,1678078800000,304174,2023-03-06 05:00:00
21473179.0,254.9132,256.3,254.15,257.69,253.39,1678165200000,331543,2023-03-07 05:00:00
17281277.0,252.804,254.04,253.7,254.5417,250.81,1678251600000,266009,2023-03-08 05:00:00
26652187.0,255.2369,255.82,252.32,259.56,251.58,1678338000000,379554,2023-03-09 05:00:00
28273930.0,249.6614,251.08,248.59,252.79,247.6,1678424400000,412570,2023-03-10 05:00:00
33292721.0,253.747,247.4,253.92,257.91,245.73,1678680000000,444778,2023-03-13 04:00:00
33614078.0,259.1414,256.75,260.79,261.07,255.86,1678766400000,424540,2023-03-14 04:00:00
45990647.0,263.7382,259.98,265.44,266.48,259.21,1678852800000,609854,2023-03-15 04:00:00
54832140.0,272.5174,265.205,276.2,276.56,263.28,1678939200000,689137,2023-03-16 04:00:00
69527371.0,279.3912,278.26,279.43,283.33,276.3201,1679025600000,695574,2023-03-17 04:00:00
43466649.0,272.0137,276.98,272.23,277.48,269.85,1679284800000,604272,2023-03-20 04:00:00
34545504.0,272.3447,274.88,273.78,275.0,269.5191,1679371200000,425457,2023-03-21 04:00:00
34871230.0,275.8227,273.4,272.29,281.04,272.18,1679457600000,486919,2023-03-22 04:00:00
36610879.0,278.2622,277.94,277.66,281.06,275.2,1679544000000,447986,2023-03-23 04:00:00
28199962.0,278.6135,277.24,280.57,280.63,275.28,1679630400000,391637,2023-03-24 04:00:00
26840212.0,277.6231,280.5,276.38,281.4589,275.52,1679889600000,336991,2023-03-27 04:00:00
21878647.0,273.8328,275.79,275.23,276.14,272.0451,1679976000000,288361,2023-03-28 04:00:00
25087032.0,279.8952,278.96,280.51,281.1398,278.41,1680062400000,312671,2023-03-29 04:00:00
25053410.0,283.1788,284.23,284.05,284.46,281.48,1680148800000,338299,2023-03-30 04:00:00
32765976.0,286.5132,283.73,288.3,289.27,283.0,1680235200000,398970,2023-03-31 04:00:00
